position,tier,overall_rank,first_initial,last_name,team,adp,first_name
QB,1,1,J,Allen,BUF,22.0
QB,1,2,L,Jackson,BAL,41.0
QB,1,3,D,Maye,NE,48.9
QB,1,4,J,Daniels,WAS,55.4
QB,1,5,J,Burrow,CIN,52.6
QB,2,6,J,Hurts,PHI,58.7
QB,2,7,C,Williams,CHI,67.8
QB,2,8,J,Herbert,LAC,73.8
QB,2,9,T,Lawrence,JAX,84.8
QB,2,10,D,Prescott,DAL,73.5
QB,3,11,B,Purdy,SF,98.7
QB,3,12,B,Nix,DEN,99.0
QB,3,13,J,Dart,NYG,96.2
QB,3,14,K,Murray,MIN,115.0
QB,3,15,M,Stafford,LAR,106.6
QB,3,16,P,Mahomes,KC,105.0
QB,3,17,J,Goff,DET,117.1
QB,3,18,M,Willis,MIA,127.5
QB,3,19,J,Love,GB,128.5
QB,4,20,B,Mayfield,TB,129.9
QB,4,21,T,Shough,NO,132.5
QB,4,22,S,Darnold,SEA,131.6
QB,4,23,D,Jones,IND,127.8
QB,4,24,B,Young,CAR,132.4
QB,4,25,C,Stroud,HOU,132.0
QB,4,26,C,Ward,TEN,137.7
QB,4,27,J,Brissett,ARI,
QB,5,28,F,Mendoza,LV,133.2
QB,5,29,G,Smith,NYJ,
QB,5,30,A,Rodgers,PIT,129.7
QB,5,31,T,Tagovailoa,ATL,
QB,5,32,K,Cousins,LV,
TE,1,1,B,Bowers,LV,21.3
TE,1,2,T,McBride,ARI,27.6
TE,1,3,C,Loveland,CHI,39.8
TE,2,4,T,Warren,IND,46.7
TE,2,5,T,Kraft,GB,61.0
TE,2,6,S,LaPorta,DET,63.9
TE,2,7,H,Fannin,CLE,73.3
TE,2,8,K,Pitts,ATL,74.3
TE,2,9,G,Kittle,SF,85.5
TE,3,10,D,Kincaid,BUF,99.5
TE,3,11,D,Goedert,PHI,107.3
TE,3,12,T,Kelce,KC,95.1
TE,3,13,I,Likely,NYG,111.7
TE,3,14,M,Andrews,BAL,113.5
TE,3,15,J,Johnson,NO,128.8
TE,3,16,J,Ferguson,DAL,120.8
TE,3,17,C,Okonkwo,WAS,128.3
TE,3,18,D,Schultz,HOU,131.3
TE,3,19,B,Strange,JAX,134.0
TE,4,20,H,Henry,NE,132.0
TE,4,21,A,Barner,SEA,133.1
TE,4,22,T,Ferguson,LAR,130.9
TE,4,23,G,Dulcich,MIA,133.4
TE,4,24,T,Hockenson,MIN,134.5
TE,4,25,K,Sadiq,NYJ,134.6
RB,1,1,J,Gibbs,DET,1.2
RB,1,2,B,Robinson,ATL,2.1,Bijan
RB,1,3,C,McCaffrey,SF,5.7
RB,1,4,J,Taylor,IND,6.5
RB,2,5,J,Cook,BUF,9.4
RB,2,6,S,Barkley,PHI,11.3
RB,2,7,K,Walker,KC,14.5
RB,2,8,A,Jeanty,LV,15.1
RB,2,9,C,Brown,CIN,15.6
RB,3,10,D,Achane,MIA,14.9
RB,3,11,O,Hampton,LAC,18.9
RB,3,12,D,Henry,BAL,17.2
RB,3,13,K,Williams,LAR,28.3
RB,3,14,B,Hall,NYJ,33.6
RB,3,15,J,Love,ARI,30.2
RB,3,16,J,Williams,DAL,33.5
RB,3,17,J,Jacobs,GB,35.2
RB,4,18,T,Etienne,NO,42.9
RB,4,19,D,Swift,CHI,44.0
RB,4,20,C,Skattebo,NYG,43.5
RB,4,21,Q,Judkins,CLE,53.4
RB,4,22,D,Montgomery,HOU,50.5
RB,4,23,B,Irving,TB,58.0
RB,4,24,B,Tuten,JAX,61.9
RB,4,25,J,Price,SEA,64.2
RB,4,26,T,Henderson,NE,65.9
RB,4,27,R,Stevenson,NE,76.8
RB,4,28,J,Warren,PIT,75.7
RB,4,29,J,Brooks,CAR,82.6
RB,4,30,T,Pollard,TEN,83.5
RB,4,31,R,Dowdle,PIT,86.4
RB,4,32,J,Dobbins,DEN,92.8
RB,4,33,J,Croskey-Merritt,WAS,100.6
RB,5,34,B,Corum,LAR,99.7
RB,5,35,C,Hubbard,CAR,97.1
RB,5,36,J,Mason,MIN,108.7
RB,5,37,K,Monangai,CHI,114.3
RB,5,38,R,Harvey,DEN,110.3
RB,5,39,R,White,WAS,126.9
RB,5,40,K,Gainwell,TB,122.1
RB,5,41,C,Rodriguez,JAX,131.6
RB,5,42,A,Jones,MIN,128.9
RB,5,43,K,Mitchell,LAC,133.8
RB,5,44,T,Bigsby,PHI,134.0
RB,5,45,T,Spears,TEN,136.8
RB,5,46,T,Allgeier,ARI,130.8
RB,5,47,J,Coleman,DEN,133.6
RB,5,48,M,Lloyd,GB,130.9
RB,5,49,W,Marks,HOU,131.2
RB,5,50,Z,Charbonnet,SEA,134.4
RB,5,51,M,Washington,LV,124.3
RB,6,52,B,Robinson,ATL,134.6,Brian
RB,6,53,E,Johnson,KC,135.1
RB,6,54,T,Tracy,NYG,136.8
RB,6,55,J,Blue,DAL,
RB,6,56,R,Davis,BUF,132.2
RB,6,57,B,Allen,NYJ,138.3
RB,6,58,A,Kamara,NO,132.8
RB,6,59,D,Sampson,CLE,
RB,6,60,I,Pacheco,DET,134.5
WR,1,1,J,Chase,CIN,3.4
WR,1,2,P,Nacua,LAR,5.2
WR,1,3,A,St. Brown,DET,7.5
WR,2,4,J,Smith-Njigba,SEA,7.4
WR,2,5,C,Lamb,DAL,11.0
WR,2,6,J,Jefferson,MIN,13.9
WR,2,7,D,London,ATL,20.4
WR,2,8,N,Collins,HOU,23.0
WR,2,9,G,Pickens,DAL,22.9
WR,3,10,A,Brown,NE,24.1
WR,3,11,M,Nabers,NYG,28.1
WR,3,12,D,Smith,PHI,30.3
WR,3,13,C,Olave,NO,33.6
WR,3,14,T,Higgins,CIN,34.5
WR,3,15,Z,Flowers,BAL,33.6
WR,3,16,J,Waddle,DEN,38.7
WR,4,17,R,Rice,KC,36.7
WR,4,18,T,McMillan,CAR,42.7
WR,4,19,L,McConkey,LAC,44.9
WR,4,20,G,Wilson,NYJ,51.1
WR,4,21,E,Egbuka,TB,45.5
WR,4,22,T,McLaurin,WAS,54.1
WR,4,23,L,Burden,CHI,59.7
WR,4,24,D,Moore,BUF,57.1
WR,4,25,R,Odunze,CHI,64.8
WR,4,26,J,Williams,DET,66.6
WR,4,27,C,Watson,GB,66.4
WR,5,28,P,Washington,JAX,73.2
WR,5,29,D,Adams,LAR,58.8
WR,5,30,M,Evans,SF,69.0
WR,5,31,M,Harrison,ARI,76.6
WR,5,32,B,Thomas,JAX,82.5
WR,5,33,C,Tate,TEN,83.3
WR,5,34,D,Metcalf,PIT,87.1
WR,5,35,M,Wilson,ARI,99.7
WR,5,36,C,Godwin,TB,96.9
WR,5,37,S,Diggs,WAS,100.0
WR,5,38,D,Stribling,SF,113.8
WR,5,39,J,Downs,IND,98.6
WR,5,40,Q,Johnston,LAC,112.9
WR,6,41,J,Addison,MIN,115.5
WR,6,42,J,Reed,GB,118.5
WR,6,43,C,Sutton,DEN,108.1
WR,6,44,A,Pierce,IND,102.8
WR,6,45,M,Pittman,PIT,119.2
WR,6,46,K,Concepcion,CLE,125.7
WR,6,47,M,Golden,GB,127.8
WR,6,48,M,Lemon,PHI,125.1
WR,6,49,J,Coker,CAR,134.5
WR,6,50,J,Meyers,JAX,135.7
WR,6,51,W,Robinson,TEN,133.4
WR,6,52,R,Doubs,NE,134.7
WR,6,53,J,Tyson,NO,108.9
WR,6,54,X,Worthy,KC,134.1
WR,6,55,R,Shaheed,SEA,134.9
WR,7,56,D,Boston,CLE,133.4
WR,7,57,K,Shakir,BUF,135.9
WR,7,58,K,Allen,IND,132.7
WR,7,59,A,Mitchell,NYJ,
WR,7,60,D,Samuel,SF,132.6
